time, lon, lat, depth, strength, file, number, shot, depol, average, ratio, contrast
       19.033984,    -88.5024,     29.7243,     -3.37,     2.919e-007,F:\Fish_GM\10-07\FL11280190134.png,  19, 759,     0.120,     0.096,     1.248,     1.421
       19.341952,    -88.5020,     28.8226,     -3.37,     9.306e-008,F:\Fish_GM\10-07\FL11280192027.png,  36,  22,     0.054,     0.027,     1.947,     2.161
       19.423409,    -88.5016,     28.5829,     -6.60,     3.323e-008,F:\Fish_GM\10-07\FL11280192454.png,  40, 820,     0.037,     0.030,     1.244,     1.497
       19.423187,    -88.5016,     28.5837,    -13.05,     1.194e-008,F:\Fish_GM\10-07\FL11280192454.png,  40, 796,     0.045,     0.038,     1.204,     1.435
       19.444759,    -88.5022,     28.5197,     -5.28,     4.465e-008,F:\Fish_GM\10-07\FL11280192600.png,  41,1126,     0.041,     0.028,     1.489,     1.831
       19.482599,    -88.5026,     28.4077,     -6.72,     3.462e-008,F:\Fish_GM\10-07\FL11280192814.png,  43,1213,     0.043,     0.034,     1.278,     1.432
       19.482645,    -88.5026,     28.4077,     -3.61,     4.632e-008,F:\Fish_GM\10-07\FL11280192814.png,  43,1218,     0.035,     0.028,     1.241,     1.372
       19.482710,    -88.5026,     28.4077,     -4.09,     4.921e-008,F:\Fish_GM\10-07\FL11280192814.png,  43,1225,     0.039,     0.030,     1.325,     1.626
       19.482766,    -88.5026,     28.4077,     -5.28,     3.376e-008,F:\Fish_GM\10-07\FL11280192814.png,  43,1231,     0.036,     0.030,     1.189,     1.253
       19.483821,    -88.5026,     28.4036,     -5.88,     4.532e-008,F:\Fish_GM\10-07\FL11280192814.png,  43,1345,     0.047,     0.033,     1.444,     1.664
       19.487460,    -88.5026,     28.3928,     -7.20,     3.280e-008,F:\Fish_GM\10-07\FL11280192814.png,  43,1738,     0.045,     0.031,     1.424,     1.451
       19.492209,    -88.5025,     28.3788,     -5.40,     3.992e-008,F:\Fish_GM\10-07\FL11280192920.png,  44, 251,     0.039,     0.028,     1.428,     1.661
       19.490413,    -88.5025,     28.3846,     -4.92,     3.013e-008,F:\Fish_GM\10-07\FL11280192920.png,  44,  57,     0.034,     0.027,     1.266,     1.312
       19.490274,    -88.5025,     28.3846,     -3.85,     3.984e-008,F:\Fish_GM\10-07\FL11280192920.png,  44,  42,     0.033,     0.026,     1.292,     1.424
       19.576527,    -88.5016,     28.1308,     -5.28,     3.182e-008,F:\Fish_GM\10-07\FL11280193347.png,  48,1358,     0.033,     0.025,     1.313,     1.472
       19.590350,    -88.5011,     28.0901,     -7.67,     2.907e-008,F:\Fish_GM\10-07\FL11280193453.png,  49, 851,     0.044,     0.029,     1.519,     1.724
       19.991218,    -88.0184,     28.5733,     -3.97,     3.776e-008,F:\Fish_GM\10-07\FL11280195920.png,  71, 148,     0.034,     0.026,     1.277,     1.379
       20.028354,    -88.0239,     28.6781,     -6.36,     3.213e-008,F:\Fish_GM\10-07\FL11280200133.png,  73, 159,     0.037,     0.027,     1.376,     1.436
       20.028456,    -88.0239,     28.6781,    -14.73,     7.923e-009,F:\Fish_GM\10-07\FL11280200133.png,  73, 170,     0.049,     0.036,     1.354,     1.729
       20.128588,    -88.0047,     28.9559,     -7.20,     3.406e-008,F:\Fish_GM\10-07\FL11280200707.png,  78, 985,     0.044,     0.032,     1.396,     1.491
       20.128634,    -88.0047,     28.9559,     -2.17,     6.132e-008,F:\Fish_GM\10-07\FL11280200707.png,  78, 990,     0.026,     0.014,     1.772,     1.663
       20.159169,    -87.9945,     29.0404,    -15.33,     1.731e-008,F:\Fish_GM\10-07\FL11280200920.png,  80, 288,     0.104,     0.050,     2.085,     2.414
       20.524021,    -87.8996,     30.0043,    -12.22,     4.526e-008,F:\Fish_GM\10-07\FL11280203027.png,  99,1695,     0.234,     0.205,     1.141,     1.544
       20.680065,    -87.5068,     29.8902,     -4.33,     2.785e-007,F:\Fish_GM\10-07\FL11280204027.png, 108, 549,     0.178,     0.086,     2.072,     2.555
       20.702692,    -87.5048,     29.8225,     -3.61,     1.366e-007,F:\Fish_GM\10-07\FL11280204133.png, 109, 993,     0.086,     0.051,     1.680,     1.988
       20.708044,    -87.5042,     29.8078,     -4.68,     9.261e-008,F:\Fish_GM\10-07\FL11280204133.png, 109,1571,     0.083,     0.052,     1.605,     1.600
       20.724246,    -87.5017,     29.7595,     -7.08,     5.448e-008,F:\Fish_GM\10-07\FL11280204240.png, 110,1321,     0.068,     0.059,     1.154,     1.375
       20.877309,    -87.5112,     29.3085,     -9.35,     3.237e-008,F:\Fish_GM\10-07\FL11280205133.png, 118,1853,     0.063,     0.051,     1.255,     1.434
       20.919556,    -87.5091,     29.1855,     -6.36,     6.169e-008,F:\Fish_GM\10-07\FL11280205453.png, 121, 416,     0.074,     0.057,     1.298,     1.464
       21.065138,    -87.5044,     28.7574,    -12.58,     2.507e-008,F:\Fish_GM\10-07\FL11280210402.png, 129, 140,     0.157,     0.089,     1.768,     1.780
       21.145808,    -87.5017,     28.5192,     -2.05,     8.386e-008,F:\Fish_GM\10-07\FL11280210813.png, 133, 853,     0.104,     0.039,     2.695,     2.919
       21.306490,    -87.0513,     28.4997,     -4.68,     7.294e-008,F:\Fish_GM\10-07\FL11280211813.png, 142, 208,     0.050,     0.035,     1.422,     1.732
       21.310554,    -87.0396,     28.4974,     -6.36,     4.373e-008,F:\Fish_GM\10-07\FL11280211813.png, 142, 647,     0.049,     0.038,     1.281,     1.396
       21.311962,    -87.0357,     28.4965,     -6.96,     3.461e-008,F:\Fish_GM\10-07\FL11280211813.png, 142, 799,     0.047,     0.040,     1.187,     1.316
       21.312063,    -87.0357,     28.4965,     -6.60,     3.342e-008,F:\Fish_GM\10-07\FL11280211813.png, 142, 810,     0.043,     0.037,     1.155,     1.228
       21.312008,    -87.0357,     28.4965,     -3.73,     5.010e-008,F:\Fish_GM\10-07\FL11280211813.png, 142, 804,     0.038,     0.031,     1.209,     1.243
       21.312165,    -87.0357,     28.4965,     -5.76,     4.284e-008,F:\Fish_GM\10-07\FL11280211813.png, 142, 821,     0.048,     0.040,     1.214,     1.296
       21.313211,    -87.0326,     28.4958,     -5.52,     4.694e-008,F:\Fish_GM\10-07\FL11280211813.png, 142, 934,     0.045,     0.038,     1.194,     1.355
       21.313804,    -87.0303,     28.4952,    -11.38,     1.864e-008,F:\Fish_GM\10-07\FL11280211813.png, 142, 998,     0.055,     0.043,     1.266,     1.444
       21.313730,    -87.0311,     28.4954,     -5.88,     3.938e-008,F:\Fish_GM\10-07\FL11280211813.png, 142, 990,     0.046,     0.037,     1.237,     1.235
       21.314721,    -87.0279,     28.4946,     -7.67,     3.320e-008,F:\Fish_GM\10-07\FL11280211813.png, 142,1097,     0.047,     0.038,     1.220,     1.372
       21.314869,    -87.0279,     28.4946,     -3.97,     5.052e-008,F:\Fish_GM\10-07\FL11280211813.png, 142,1113,     0.037,     0.033,     1.125,     1.244
       21.314943,    -87.0279,     28.4946,     -3.85,     4.437e-008,F:\Fish_GM\10-07\FL11280211813.png, 142,1121,     0.035,     0.032,     1.087,     1.203
       21.315147,    -87.0272,     28.4944,     -3.37,     5.855e-008,F:\Fish_GM\10-07\FL11280211813.png, 142,1143,     0.040,     0.031,     1.286,     1.339
       21.314286,    -87.0295,     28.4950,     -8.39,     2.973e-008,F:\Fish_GM\10-07\FL11280211813.png, 142,1050,     0.048,     0.038,     1.267,     1.375
       21.314248,    -87.0295,     28.4950,     -5.52,     4.230e-008,F:\Fish_GM\10-07\FL11280211813.png, 142,1046,     0.040,     0.035,     1.134,     1.224
       21.314341,    -87.0295,     28.4950,     -7.79,     3.120e-008,F:\Fish_GM\10-07\FL11280211813.png, 142,1056,     0.045,     0.038,     1.178,     1.357
       21.314397,    -87.0287,     28.4948,     -6.00,     4.430e-008,F:\Fish_GM\10-07\FL11280211813.png, 142,1062,     0.048,     0.038,     1.273,     1.361
       21.315563,    -87.0264,     28.4942,     -3.61,     5.697e-008,F:\Fish_GM\10-07\FL11280211813.png, 142,1188,     0.043,     0.035,     1.237,     1.438
       21.320118,    -87.0133,     28.4951,     -5.64,     3.597e-008,F:\Fish_GM\10-07\FL11280211813.png, 142,1680,     0.048,     0.037,     1.272,     1.286
       21.320248,    -87.0126,     28.4954,     -3.73,     4.974e-008,F:\Fish_GM\10-07\FL11280211813.png, 142,1694,     0.051,     0.039,     1.302,     1.303
       21.319026,    -87.0162,     28.4942,     -2.53,     5.068e-008,F:\Fish_GM\10-07\FL11280211813.png, 142,1562,     0.037,     0.029,     1.266,     1.445
       21.328923,    -87.0049,     28.5151,     -7.32,     3.163e-008,F:\Fish_GM\10-07\FL11280211920.png, 143, 631,     0.044,     0.036,     1.224,     1.314
       21.329044,    -87.0050,     28.5158,     -4.92,     4.171e-008,F:\Fish_GM\10-07\FL11280211920.png, 143, 644,     0.035,     0.032,     1.097,     1.252
       21.329192,    -87.0050,     28.5158,     -3.97,     4.739e-008,F:\Fish_GM\10-07\FL11280211920.png, 143, 660,     0.035,     0.032,     1.110,     1.271
       21.329136,    -87.0050,     28.5158,     -8.39,     2.814e-008,F:\Fish_GM\10-07\FL11280211920.png, 143, 654,     0.043,     0.035,     1.214,     1.458
       21.328618,    -87.0046,     28.5135,     -8.99,     3.113e-008,F:\Fish_GM\10-07\FL11280211920.png, 143, 598,     0.050,     0.038,     1.300,     1.537
       21.330608,    -87.0057,     28.5196,     -8.03,     3.873e-008,F:\Fish_GM\10-07\FL11280211920.png, 143, 813,     0.056,     0.037,     1.484,     1.686
       21.331321,    -87.0058,     28.5212,     -8.75,     2.926e-008,F:\Fish_GM\10-07\FL11280211920.png, 143, 890,     0.043,     0.036,     1.206,     1.416
       21.330479,    -87.0056,     28.5189,    -10.78,     1.762e-008,F:\Fish_GM\10-07\FL11280211920.png, 143, 799,     0.047,     0.039,     1.196,     1.280
       21.331701,    -87.0058,     28.5219,     -8.87,     2.671e-008,F:\Fish_GM\10-07\FL11280211920.png, 143, 931,     0.046,     0.035,     1.294,     1.337
       21.331821,    -87.0059,     28.5235,    -11.86,     1.385e-008,F:\Fish_GM\10-07\FL11280211920.png, 143, 944,     0.047,     0.041,     1.144,     1.240
       21.333321,    -87.0058,     28.5273,     -9.35,     2.486e-008,F:\Fish_GM\10-07\FL11280211920.png, 143,1106,     0.048,     0.039,     1.235,     1.446
       21.332766,    -87.0059,     28.5257,     -7.08,     3.568e-008,F:\Fish_GM\10-07\FL11280211920.png, 143,1046,     0.045,     0.036,     1.240,     1.374
       21.335506,    -87.0054,     28.5332,     -8.15,     3.814e-008,F:\Fish_GM\10-07\FL11280211920.png, 143,1342,     0.049,     0.037,     1.305,     1.564
       21.336478,    -87.0052,     28.5355,     -3.97,     4.971e-008,F:\Fish_GM\10-07\FL11280211920.png, 143,1447,     0.035,     0.031,     1.119,     1.298
       21.337015,    -87.0051,     28.5370,     -3.25,     5.708e-008,F:\Fish_GM\10-07\FL11280211920.png, 143,1505,     0.033,     0.027,     1.239,     1.284
       21.340885,    -87.0039,     28.5466,     -4.45,     4.659e-008,F:\Fish_GM\10-07\FL11280211920.png, 143,1923,     0.038,     0.032,     1.186,     1.231
       21.340626,    -87.0039,     28.5466,     -3.61,     5.133e-008,F:\Fish_GM\10-07\FL11280211920.png, 143,1895,     0.037,     0.029,     1.261,     1.297
       21.339330,    -87.0044,     28.5429,     -7.08,     3.207e-008,F:\Fish_GM\10-07\FL11280211920.png, 143,1755,     0.043,     0.036,     1.201,     1.346
       21.340117,    -87.0041,     28.5451,     -5.88,     3.677e-008,F:\Fish_GM\10-07\FL11280211920.png, 143,1840,     0.040,     0.034,     1.161,     1.299
       21.342894,    -87.0030,     28.5524,     -4.92,     5.350e-008,F:\Fish_GM\10-07\FL11280212027.png, 144, 140,     0.043,     0.034,     1.265,     1.511
       21.345727,    -87.0018,     28.5597,     -9.11,     3.228e-008,F:\Fish_GM\10-07\FL11280212027.png, 144, 446,     0.049,     0.037,     1.339,     1.713
       21.345116,    -87.0020,     28.5583,     -5.40,     3.846e-008,F:\Fish_GM\10-07\FL11280212027.png, 144, 380,     0.041,     0.034,     1.222,     1.225
       21.357643,    -87.0001,     28.5921,     -7.32,     3.891e-008,F:\Fish_GM\10-07\FL11280212027.png, 144,1733,     0.046,     0.037,     1.229,     1.433
       21.342654,    -87.0031,     28.5517,     -2.17,     6.145e-008,F:\Fish_GM\10-07\FL11280212027.png, 144, 114,     0.030,     0.021,     1.478,     1.324
       21.397659,    -86.9951,     28.7008,    -11.26,     3.014e-008,F:\Fish_GM\10-07\FL11280212347.png, 147,  55,     0.068,     0.056,     1.222,     1.593
       21.589904,    -87.0156,     29.2298,     -2.65,     1.122e-007,F:\Fish_GM\10-07\FL11280213453.png, 157, 819,     0.048,     0.040,     1.207,     1.370
       21.600579,    -87.0173,     29.2591,     -3.85,     7.517e-008,F:\Fish_GM\10-07\FL11280213453.png, 157,1972,     0.049,     0.042,     1.190,     1.308
       21.602440,    -87.0171,     29.2645,     -3.01,     9.108e-008,F:\Fish_GM\10-07\FL11280213600.png, 158, 173,     0.049,     0.037,     1.324,     1.277
       21.639733,    -87.0113,     29.3666,     -4.33,     7.917e-008,F:\Fish_GM\10-07\FL11280213813.png, 160, 201,     0.054,     0.045,     1.221,     1.343
       21.641233,    -87.0107,     29.3712,     -3.37,     8.322e-008,F:\Fish_GM\10-07\FL11280213813.png, 160, 363,     0.047,     0.042,     1.138,     1.275
       21.641705,    -87.0105,     29.3727,     -1.93,     1.219e-007,F:\Fish_GM\10-07\FL11280213813.png, 160, 414,     0.044,     0.031,     1.426,     1.328
       21.641659,    -87.0105,     29.3727,     -3.61,     8.394e-008,F:\Fish_GM\10-07\FL11280213813.png, 160, 409,     0.050,     0.047,     1.070,     1.297
       21.750947,    -86.9965,     29.6749,     -2.77,     8.826e-008,F:\Fish_GM\10-07\FL11280214453.png, 166, 213,     0.048,     0.041,     1.171,     1.274
       21.751058,    -86.9965,     29.6757,     -3.01,     8.756e-008,F:\Fish_GM\10-07\FL11280214453.png, 166, 225,     0.049,     0.041,     1.184,     1.293
       21.753197,    -86.9965,     29.6812,     -4.68,     8.043e-008,F:\Fish_GM\10-07\FL11280214453.png, 166, 456,     0.069,     0.059,     1.161,     1.282
       21.784324,    -86.9978,     29.7690,     -3.25,     9.505e-008,F:\Fish_GM\10-07\FL11280214600.png, 167,1818,     0.050,     0.043,     1.154,     1.243
       21.784537,    -86.9978,     29.7690,     -4.09,     8.593e-008,F:\Fish_GM\10-07\FL11280214600.png, 167,1841,     0.054,     0.048,     1.111,     1.393
       21.784574,    -86.9978,     29.7690,     -3.49,     9.518e-008,F:\Fish_GM\10-07\FL11280214600.png, 167,1845,     0.056,     0.049,     1.134,     1.289
       21.807943,    -86.9976,     29.8337,     -3.01,     9.430e-008,F:\Fish_GM\10-07\FL11280214813.png, 169, 369,     0.047,     0.035,     1.329,     1.535
       21.810174,    -86.9976,     29.8399,     -4.21,     7.264e-008,F:\Fish_GM\10-07\FL11280214813.png, 169, 610,     0.047,     0.040,     1.173,     1.455
       21.810146,    -86.9976,     29.8399,     -2.05,     8.202e-008,F:\Fish_GM\10-07\FL11280214813.png, 169, 607,     0.036,     0.023,     1.587,     1.386
       21.809295,    -86.9976,     29.8376,     -1.82,     8.536e-008,F:\Fish_GM\10-07\FL11280214813.png, 169, 515,     0.033,     0.025,     1.315,     1.335
       21.811887,    -86.9975,     29.8453,     -2.53,     9.288e-008,F:\Fish_GM\10-07\FL11280214813.png, 169, 795,     0.041,     0.032,     1.273,     1.304
       21.824006,    -86.9965,     29.8792,     -2.29,     8.940e-008,F:\Fish_GM\10-07\FL11280214920.png, 170, 104,     0.038,     0.028,     1.349,     1.601
       21.824062,    -86.9965,     29.8792,     -1.58,     1.101e-007,F:\Fish_GM\10-07\FL11280214920.png, 170, 110,     0.033,     0.019,     1.758,     1.433
       21.825404,    -86.9964,     29.8823,     -1.70,     1.057e-007,F:\Fish_GM\10-07\FL11280214920.png, 170, 255,     0.028,     0.016,     1.764,     1.599
       21.830682,    -86.9958,     29.8970,     -2.41,     7.497e-008,F:\Fish_GM\10-07\FL11280214920.png, 170, 825,     0.036,     0.026,     1.348,     1.298
       21.831497,    -86.9958,     29.8993,     -2.53,     8.204e-008,F:\Fish_GM\10-07\FL11280214920.png, 170, 913,     0.037,     0.031,     1.184,     1.406
       21.895871,    -87.0246,     30.0760,     -3.61,     9.625e-008,F:\Fish_GM\10-07\FL11280215240.png, 173,1866,     0.052,     0.046,     1.119,     1.307
       21.895946,    -87.0246,     30.0760,     -3.61,     1.209e-007,F:\Fish_GM\10-07\FL11280215240.png, 173,1874,     0.066,     0.053,     1.255,     1.287
       21.895973,    -87.0246,     30.0760,     -4.21,     1.172e-007,F:\Fish_GM\10-07\FL11280215240.png, 173,1877,     0.067,     0.057,     1.172,     1.273
       21.959228,    -87.0888,     30.2460,    -10.30,     3.351e-008,F:\Fish_GM\10-07\FL11280215706.png, 177, 709,     0.149,     0.097,     1.543,     1.305
       21.968061,    -87.0930,     30.2708,     -2.65,     2.030e-007,F:\Fish_GM\10-07\FL11280215706.png, 177,1663,     0.078,     0.057,     1.365,     1.645
       21.968172,    -87.0930,     30.2708,     -3.25,     1.367e-007,F:\Fish_GM\10-07\FL11280215706.png, 177,1675,     0.072,     0.060,     1.199,     1.329
       21.970458,    -87.0944,     30.2778,     -6.24,     6.964e-008,F:\Fish_GM\10-07\FL11280215706.png, 177,1922,     0.097,     0.075,     1.296,     1.406
       21.970690,    -87.0946,     30.2786,     -6.72,     6.271e-008,F:\Fish_GM\10-07\FL11280215706.png, 177,1947,     0.092,     0.076,     1.215,     1.399
       21.972606,    -87.0956,     30.2832,     -7.55,     4.387e-008,F:\Fish_GM\10-07\FL11280215813.png, 178, 154,     0.103,     0.088,     1.166,     1.454
      0.87299722,    -87.0027,     29.9138,     -6.48,     6.132e-008,F:\Fish_GM\10-07\FL11281005159.png, 184, 728,     0.076,     0.068,     1.124,     1.221
      0.87304361,    -87.0027,     29.9138,     -5.64,     6.991e-008,F:\Fish_GM\10-07\FL11281005159.png, 184, 733,     0.075,     0.065,     1.154,     1.231
      0.87315472,    -87.0027,     29.9138,     -6.36,     7.369e-008,F:\Fish_GM\10-07\FL11281005159.png, 184, 745,     0.078,     0.070,     1.111,     1.248
      0.87320083,    -87.0027,     29.9138,     -8.39,     5.834e-008,F:\Fish_GM\10-07\FL11281005159.png, 184, 750,     0.089,     0.080,     1.112,     1.392
      0.87332139,    -87.0027,     29.9130,     -7.08,     6.593e-008,F:\Fish_GM\10-07\FL11281005159.png, 184, 763,     0.084,     0.077,     1.091,     1.235
      0.87348806,    -87.0027,     29.9130,     -8.15,     7.300e-008,F:\Fish_GM\10-07\FL11281005159.png, 184, 781,     0.094,     0.079,     1.196,     1.527
      0.87358972,    -87.0027,     29.9122,     -7.55,     6.589e-008,F:\Fish_GM\10-07\FL11281005159.png, 184, 792,     0.083,     0.075,     1.118,     1.337
      0.87380278,    -87.0027,     29.9122,     -4.57,     9.651e-008,F:\Fish_GM\10-07\FL11281005159.png, 184, 815,     0.073,     0.059,     1.235,     1.251
      0.87401556,    -87.0027,     29.9114,     -7.79,     5.093e-008,F:\Fish_GM\10-07\FL11281005159.png, 184, 838,     0.075,     0.069,     1.093,     1.262
      0.87406194,    -87.0027,     29.9114,     -5.88,     6.908e-008,F:\Fish_GM\10-07\FL11281005159.png, 184, 843,     0.068,     0.062,     1.101,     1.261
      0.87413611,    -87.0027,     29.9114,     -5.28,     8.148e-008,F:\Fish_GM\10-07\FL11281005159.png, 184, 851,     0.067,     0.059,     1.146,     1.221
      0.87485833,    -87.0027,     29.9089,     -5.28,     8.608e-008,F:\Fish_GM\10-07\FL11281005159.png, 184, 929,     0.067,     0.057,     1.174,     1.433
      0.87489528,    -87.0027,     29.9089,     -4.21,     9.450e-008,F:\Fish_GM\10-07\FL11281005159.png, 184, 933,     0.060,     0.055,     1.091,     1.305
      0.87470083,    -87.0027,     29.9097,     -3.97,     1.017e-007,F:\Fish_GM\10-07\FL11281005159.png, 184, 912,     0.062,     0.055,     1.127,     1.282
      0.87462667,    -87.0027,     29.9097,     -5.88,     6.303e-008,F:\Fish_GM\10-07\FL11281005159.png, 184, 904,     0.062,     0.057,     1.090,     1.296
      0.87545083,    -87.0027,     29.9065,     -3.97,     1.034e-007,F:\Fish_GM\10-07\FL11281005159.png, 184, 993,     0.061,     0.049,     1.224,     1.367
      0.87542306,    -87.0027,     29.9065,     -6.36,     5.433e-008,F:\Fish_GM\10-07\FL11281005159.png, 184, 990,     0.058,     0.052,     1.131,     1.264
      0.88307972,    -87.0028,     29.8844,     -4.09,     7.330e-008,F:\Fish_GM\10-07\FL11281005159.png, 184,1817,     0.044,     0.035,     1.256,     1.456
      0.89426417,    -87.0028,     29.8518,     -1.58,     1.262e-007,F:\Fish_GM\10-07\FL11281005305.png, 185,1025,     0.039,     0.025,     1.532,     1.382
      0.89423639,    -87.0028,     29.8518,     -2.53,     8.956e-008,F:\Fish_GM\10-07\FL11281005305.png, 185,1022,     0.038,     0.033,     1.168,     1.296
      0.90554111,    -87.0022,     29.8192,     -3.97,     1.044e-007,F:\Fish_GM\10-07\FL11281005412.png, 186, 243,     0.062,     0.049,     1.279,     1.370
      0.90558750,    -87.0022,     29.8192,     -4.92,     7.422e-008,F:\Fish_GM\10-07\FL11281005412.png, 186, 248,     0.054,     0.047,     1.171,     1.307
      0.90625389,    -87.0021,     29.8167,     -3.37,     1.397e-007,F:\Fish_GM\10-07\FL11281005412.png, 186, 320,     0.064,     0.057,     1.131,     1.298
      0.90644833,    -87.0021,     29.8159,     -4.68,     8.444e-008,F:\Fish_GM\10-07\FL11281005412.png, 186, 341,     0.058,     0.053,     1.094,     1.325
      0.90649472,    -87.0021,     29.8159,     -3.73,     1.015e-007,F:\Fish_GM\10-07\FL11281005412.png, 186, 346,     0.058,     0.052,     1.124,     1.339
      0.90652250,    -87.0021,     29.8159,     -2.89,     1.298e-007,F:\Fish_GM\10-07\FL11281005412.png, 186, 349,     0.060,     0.051,     1.173,     1.212
      0.90664278,    -87.0021,     29.8151,     -4.33,     8.693e-008,F:\Fish_GM\10-07\FL11281005412.png, 186, 362,     0.061,     0.050,     1.204,     1.283
      0.90607806,    -87.0021,     29.8167,     -5.28,     8.803e-008,F:\Fish_GM\10-07\FL11281005412.png, 186, 301,     0.068,     0.058,     1.166,     1.326
      0.90679111,    -87.0021,     29.8151,     -5.04,     7.490e-008,F:\Fish_GM\10-07\FL11281005412.png, 186, 378,     0.055,     0.051,     1.082,     1.273
      0.90694833,    -87.0021,     29.8143,     -5.88,     6.596e-008,F:\Fish_GM\10-07\FL11281005412.png, 186, 395,     0.057,     0.051,     1.124,     1.241
      0.90792972,    -87.0020,     29.8118,     -2.41,     1.349e-007,F:\Fish_GM\10-07\FL11281005412.png, 186, 501,     0.052,     0.047,     1.115,     1.364
      0.90785583,    -87.0020,     29.8118,     -1.58,     1.725e-007,F:\Fish_GM\10-07\FL11281005412.png, 186, 493,     0.053,     0.036,     1.465,     1.311
      0.95016750,    -87.0026,     29.6882,     -2.41,     1.964e-007,F:\Fish_GM\10-07\FL11281005625.png, 188,1063,     0.069,     0.057,     1.224,     1.444
      0.95023222,    -87.0026,     29.6882,     -6.72,     7.806e-008,F:\Fish_GM\10-07\FL11281005625.png, 188,1070,     0.073,     0.061,     1.187,     1.447
      0.94813056,    -87.0026,     29.6939,     -6.48,     6.542e-008,F:\Fish_GM\10-07\FL11281005625.png, 188, 843,     0.061,     0.056,     1.089,     1.393
      0.94824167,    -87.0026,     29.6939,     -5.52,     7.705e-008,F:\Fish_GM\10-07\FL11281005625.png, 188, 855,     0.064,     0.057,     1.123,     1.303
      0.95193583,    -87.0025,     29.6826,     -3.13,     1.386e-007,F:\Fish_GM\10-07\FL11281005625.png, 188,1254,     0.066,     0.051,     1.281,     1.527
      0.95212083,    -87.0025,     29.6818,     -3.73,     1.000e-007,F:\Fish_GM\10-07\FL11281005625.png, 188,1274,     0.057,     0.051,     1.126,     1.302
      0.95231528,    -87.0025,     29.6818,     -4.33,     8.400e-008,F:\Fish_GM\10-07\FL11281005625.png, 188,1295,     0.059,     0.051,     1.166,     1.341
      0.94590833,    -87.0027,     29.7004,     -6.48,     5.540e-008,F:\Fish_GM\10-07\FL11281005625.png, 188, 603,     0.060,     0.054,     1.113,     1.273
      0.95997222,    -87.0023,     29.6600,     -7.08,     5.524e-008,F:\Fish_GM\10-07\FL11281005732.png, 189, 122,     0.058,     0.054,     1.073,     1.388
      0.96118500,    -87.0023,     29.6560,     -5.88,     7.844e-008,F:\Fish_GM\10-07\FL11281005732.png, 189, 253,     0.060,     0.054,     1.124,     1.384
      0.96228694,    -87.0023,     29.6528,     -2.53,     1.359e-007,F:\Fish_GM\10-07\FL11281005732.png, 189, 372,     0.059,     0.051,     1.161,     1.270
      0.96234250,    -87.0023,     29.6528,     -4.21,     1.134e-007,F:\Fish_GM\10-07\FL11281005732.png, 189, 378,     0.066,     0.052,     1.262,     1.370
      0.96257389,    -87.0023,     29.6520,     -4.09,     1.052e-007,F:\Fish_GM\10-07\FL11281005732.png, 189, 403,     0.061,     0.051,     1.205,     1.379
      0.96296278,    -87.0023,     29.6512,     -6.24,     6.550e-008,F:\Fish_GM\10-07\FL11281005732.png, 189, 445,     0.062,     0.057,     1.087,     1.283
      0.96305528,    -87.0023,     29.6512,     -3.01,     1.601e-007,F:\Fish_GM\10-07\FL11281005732.png, 189, 455,     0.071,     0.054,     1.314,     1.432
      0.96390722,    -87.0023,     29.6480,     -5.88,     6.841e-008,F:\Fish_GM\10-07\FL11281005732.png, 189, 547,     0.062,     0.056,     1.105,     1.211
      0.96393500,    -87.0023,     29.6480,     -3.97,     1.065e-007,F:\Fish_GM\10-07\FL11281005732.png, 189, 550,     0.064,     0.055,     1.157,     1.316
      0.96637000,    -87.0023,     29.6416,     -4.33,     9.905e-008,F:\Fish_GM\10-07\FL11281005732.png, 189, 813,     0.060,     0.053,     1.125,     1.326
      0.96736056,    -87.0023,     29.6384,     -4.45,     1.114e-007,F:\Fish_GM\10-07\FL11281005732.png, 189, 920,     0.070,     0.058,     1.205,     1.423
      0.97212861,    -87.0022,     29.6247,     -6.00,     6.657e-008,F:\Fish_GM\10-07\FL11281005732.png, 189,1435,     0.065,     0.054,     1.205,     1.246
      0.97405444,    -87.0022,     29.6190,     -5.76,     8.045e-008,F:\Fish_GM\10-07\FL11281005732.png, 189,1643,     0.066,     0.052,     1.261,     1.397
      0.97258250,    -87.0022,     29.6231,     -3.85,     9.000e-008,F:\Fish_GM\10-07\FL11281005732.png, 189,1484,     0.053,     0.049,     1.092,     1.233
      0.98143361,    -87.0023,     29.5972,     -3.49,     1.014e-007,F:\Fish_GM\10-07\FL11281005839.png, 190, 440,     0.055,     0.050,     1.117,     1.370
      0.98003556,    -87.0023,     29.6013,     -5.64,     6.906e-008,F:\Fish_GM\10-07\FL11281005839.png, 190, 289,     0.067,     0.054,     1.234,     1.295
      0.98422028,    -87.0023,     29.5891,     -4.09,     1.175e-007,F:\Fish_GM\10-07\FL11281005839.png, 190, 741,     0.071,     0.056,     1.256,     1.387
      0.99708056,    -87.0019,     29.5519,     -6.96,     7.572e-008,F:\Fish_GM\10-07\FL11281005945.png, 191, 130,     0.075,     0.060,     1.267,     1.647
       1.0421419,    -87.0027,     29.4203,     -5.52,     7.771e-008,F:\Fish_GM\10-07\FL11281010159.png, 193, 997,     0.059,     0.051,     1.152,     1.334
       1.0515208,    -87.0027,     29.3927,     -4.68,     7.436e-008,F:\Fish_GM\10-07\FL11281010305.png, 194,  10,     0.057,     0.048,     1.180,     1.366
       1.0538542,    -87.0026,     29.3854,     -1.70,     1.601e-007,F:\Fish_GM\10-07\FL11281010305.png, 194, 262,     0.045,     0.034,     1.323,     1.407
       1.1032669,    -87.0026,     29.2421,     -3.01,     1.130e-007,F:\Fish_GM\10-07\FL11281010519.png, 196,1599,     0.064,     0.048,     1.343,     1.501
       1.1086925,    -87.0026,     29.2259,     -6.48,     8.950e-008,F:\Fish_GM\10-07\FL11281010625.png, 197, 185,     0.076,     0.058,     1.319,     1.718
       1.1142756,    -87.0027,     29.2098,     -4.92,     8.925e-008,F:\Fish_GM\10-07\FL11281010625.png, 197, 788,     0.063,     0.055,     1.153,     1.275
       1.1128497,    -87.0027,     29.2138,     -5.88,     7.724e-008,F:\Fish_GM\10-07\FL11281010625.png, 197, 634,     0.062,     0.055,     1.128,     1.441
       1.1545039,    -87.0031,     29.0933,     -5.04,     9.339e-008,F:\Fish_GM\10-07\FL11281010839.png, 199,1133,     0.065,     0.046,     1.416,     1.873
       1.1548650,    -87.0031,     29.0925,     -4.33,     7.218e-008,F:\Fish_GM\10-07\FL11281010839.png, 199,1172,     0.053,     0.045,     1.177,     1.297
       1.1555408,    -87.0031,     29.0909,     -2.05,     9.601e-008,F:\Fish_GM\10-07\FL11281010839.png, 199,1245,     0.044,     0.029,     1.535,     1.340
       1.1646606,    -87.0029,     29.0644,     -7.08,     5.267e-008,F:\Fish_GM\10-07\FL11281010945.png, 200, 230,     0.080,     0.051,     1.557,     1.619
       1.1817519,    -87.0033,     29.0146,     -2.77,     6.046e-008,F:\Fish_GM\10-07\FL11281011052.png, 201,  76,     0.032,     0.024,     1.341,     1.348
       1.1836128,    -87.0034,     29.0098,     -3.49,     5.022e-008,F:\Fish_GM\10-07\FL11281011052.png, 201, 277,     0.033,     0.027,     1.211,     1.279
       1.2029725,    -87.0033,     28.9529,     -6.24,     3.914e-008,F:\Fish_GM\10-07\FL11281011159.png, 202, 368,     0.036,     0.030,     1.195,     1.361
       1.2096572,    -87.0031,     28.9345,     -5.64,     3.931e-008,F:\Fish_GM\10-07\FL11281011159.png, 202,1090,     0.039,     0.030,     1.296,     1.497
       1.2099628,    -87.0031,     28.9338,     -5.04,     4.001e-008,F:\Fish_GM\10-07\FL11281011159.png, 202,1123,     0.036,     0.030,     1.180,     1.436
       1.2099533,    -87.0031,     28.9338,     -2.41,     4.831e-008,F:\Fish_GM\10-07\FL11281011159.png, 202,1122,     0.031,     0.021,     1.492,     1.320
       1.2101386,    -87.0030,     28.9330,     -1.93,     6.257e-008,F:\Fish_GM\10-07\FL11281011159.png, 202,1142,     0.022,     0.016,     1.334,     1.595
       1.2103517,    -87.0030,     28.9322,     -7.91,     3.029e-008,F:\Fish_GM\10-07\FL11281011159.png, 202,1165,     0.044,     0.034,     1.280,     1.521
       1.2104628,    -87.0030,     28.9322,     -4.68,     3.164e-008,F:\Fish_GM\10-07\FL11281011159.png, 202,1177,     0.036,     0.030,     1.200,     1.206
       1.2106200,    -87.0030,     28.9314,     -8.39,     2.137e-008,F:\Fish_GM\10-07\FL11281011159.png, 202,1194,     0.041,     0.032,     1.282,     1.394
       1.2100831,    -87.0030,     28.9330,     -5.04,     3.228e-008,F:\Fish_GM\10-07\FL11281011159.png, 202,1136,     0.034,     0.029,     1.173,     1.207
       1.2100183,    -87.0030,     28.9330,     -6.00,     4.080e-008,F:\Fish_GM\10-07\FL11281011159.png, 202,1129,     0.044,     0.032,     1.353,     1.601
       1.2108700,    -87.0030,     28.9314,    -10.66,     1.807e-008,F:\Fish_GM\10-07\FL11281011159.png, 202,1221,     0.040,     0.032,     1.222,     1.415
       1.2091664,    -87.0031,     28.9353,     -4.57,     3.883e-008,F:\Fish_GM\10-07\FL11281011159.png, 202,1037,     0.038,     0.031,     1.228,     1.374
       1.2093608,    -87.0031,     28.9353,     -8.15,     2.193e-008,F:\Fish_GM\10-07\FL11281011159.png, 202,1058,     0.037,     0.033,     1.120,     1.373
       1.2152217,    -87.0030,     28.9179,     -9.35,     2.394e-008,F:\Fish_GM\10-07\FL11281011159.png, 202,1691,     0.043,     0.031,     1.365,     1.601
       1.2151753,    -87.0030,     28.9179,     -6.60,     2.925e-008,F:\Fish_GM\10-07\FL11281011159.png, 202,1686,     0.039,     0.032,     1.211,     1.258
       1.2146844,    -87.0030,     28.9195,    -11.86,     1.508e-008,F:\Fish_GM\10-07\FL11281011159.png, 202,1633,     0.039,     0.032,     1.203,     1.496
       1.2149717,    -87.0030,     28.9187,    -10.54,     1.616e-008,F:\Fish_GM\10-07\FL11281011159.png, 202,1664,     0.040,     0.032,     1.233,     1.322
       1.2158047,    -87.0030,     28.9163,    -14.73,     8.760e-009,F:\Fish_GM\10-07\FL11281011159.png, 202,1754,     0.047,     0.040,     1.184,     1.385
       1.2159067,    -87.0030,     28.9163,    -11.38,     1.576e-008,F:\Fish_GM\10-07\FL11281011159.png, 202,1765,     0.039,     0.032,     1.194,     1.380
       1.2172400,    -87.0029,     28.9131,     -7.43,     2.724e-008,F:\Fish_GM\10-07\FL11281011159.png, 202,1909,     0.037,     0.032,     1.154,     1.428
       1.2177583,    -87.0029,     28.9107,     -8.03,     2.595e-008,F:\Fish_GM\10-07\FL11281011159.png, 202,1965,     0.040,     0.033,     1.217,     1.448
       1.2178789,    -87.0029,     28.9107,     -7.20,     2.032e-008,F:\Fish_GM\10-07\FL11281011159.png, 202,1978,     0.034,     0.031,     1.100,     1.214
       1.2175178,    -87.0029,     28.9115,    -12.82,     1.230e-008,F:\Fish_GM\10-07\FL11281011159.png, 202,1939,     0.044,     0.034,     1.279,     1.594
       1.2190453,    -87.0029,     28.9075,     -5.76,     3.285e-008,F:\Fish_GM\10-07\FL11281011305.png, 203, 104,     0.043,     0.032,     1.329,     1.392
       1.2449322,    -87.0030,     28.8317,     -6.48,     3.951e-008,F:\Fish_GM\10-07\FL11281011412.png, 204, 900,     0.044,     0.036,     1.219,     1.395
       1.2745597,    -87.0032,     28.7452,     -5.04,     6.250e-008,F:\Fish_GM\10-07\FL11281011625.png, 206, 100,     0.056,     0.045,     1.232,     1.462
       1.2746431,    -87.0032,     28.7452,     -3.49,     8.294e-008,F:\Fish_GM\10-07\FL11281011625.png, 206, 109,     0.055,     0.042,     1.312,     1.480
       1.2782725,    -87.0031,     28.7345,     -9.47,     2.474e-008,F:\Fish_GM\10-07\FL11281011625.png, 206, 501,     0.055,     0.046,     1.182,     1.284
       1.2977708,    -87.0031,     28.6763,     -3.85,     4.930e-008,F:\Fish_GM\10-07\FL11281011732.png, 207, 607,     0.038,     0.032,     1.195,     1.419
       1.3003542,    -87.0031,     28.6689,     -5.52,     5.203e-008,F:\Fish_GM\10-07\FL11281011732.png, 207, 886,     0.045,     0.037,     1.208,     1.558
       1.3123625,    -87.0032,     28.6327,     -6.48,     3.560e-008,F:\Fish_GM\10-07\FL11281011839.png, 208, 183,     0.046,     0.038,     1.222,     1.406
       1.3249911,    -87.0029,     28.5956,     -8.51,     2.700e-008,F:\Fish_GM\10-07\FL11281011839.png, 208,1547,     0.051,     0.041,     1.265,     1.443
       1.3249542,    -87.0029,     28.5956,    -12.93,     1.164e-008,F:\Fish_GM\10-07\FL11281011839.png, 208,1543,     0.060,     0.046,     1.298,     1.397
       1.3242689,    -87.0029,     28.5972,    -10.42,     2.097e-008,F:\Fish_GM\10-07\FL11281011839.png, 208,1469,     0.048,     0.039,     1.210,     1.519
       1.3243058,    -87.0029,     28.5972,     -8.87,     3.184e-008,F:\Fish_GM\10-07\FL11281011839.png, 208,1473,     0.056,     0.045,     1.267,     1.549
       1.3236672,    -87.0029,     28.5997,    -10.90,     2.320e-008,F:\Fish_GM\10-07\FL11281011839.png, 208,1404,     0.057,     0.040,     1.410,     1.816
       1.3311667,    -87.0029,     28.5775,     -7.08,     3.772e-008,F:\Fish_GM\10-07\FL11281011945.png, 209, 214,     0.048,     0.039,     1.251,     1.468
       1.3315739,    -87.0029,     28.5767,    -10.07,     2.273e-008,F:\Fish_GM\10-07\FL11281011945.png, 209, 258,     0.048,     0.040,     1.221,     1.560
       1.3314814,    -87.0029,     28.5767,    -11.26,     1.826e-008,F:\Fish_GM\10-07\FL11281011945.png, 209, 248,     0.056,     0.046,     1.222,     1.478
       1.3310556,    -87.0029,     28.5775,     -7.20,     3.240e-008,F:\Fish_GM\10-07\FL11281011945.png, 209, 202,     0.043,     0.038,     1.135,     1.305
       1.3307683,    -87.0029,     28.5783,    -10.18,     1.917e-008,F:\Fish_GM\10-07\FL11281011945.png, 209, 171,     0.046,     0.038,     1.232,     1.380
       1.3305000,    -87.0029,     28.5791,     -8.63,     2.233e-008,F:\Fish_GM\10-07\FL11281011945.png, 209, 142,     0.046,     0.038,     1.220,     1.249
       1.3302592,    -87.0029,     28.5808,     -5.52,     3.790e-008,F:\Fish_GM\10-07\FL11281011945.png, 209, 116,     0.042,     0.034,     1.212,     1.231
       1.3375086,    -87.0031,     28.5585,     -6.84,     4.030e-008,F:\Fish_GM\10-07\FL11281011945.png, 209, 899,     0.050,     0.040,     1.263,     1.511
       1.3423508,    -87.0033,     28.5445,    -11.86,     1.475e-008,F:\Fish_GM\10-07\FL11281011945.png, 209,1422,     0.048,     0.042,     1.147,     1.340
       1.3423508,    -87.0033,     28.5445,     -8.87,     2.395e-008,F:\Fish_GM\10-07\FL11281011945.png, 209,1422,     0.048,     0.039,     1.214,     1.302
       1.3422119,    -87.0033,     28.5454,     -2.17,     5.824e-008,F:\Fish_GM\10-07\FL11281011945.png, 209,1407,     0.034,     0.021,     1.668,     1.275
       1.3422492,    -87.0033,     28.5454,     -2.77,     5.513e-008,F:\Fish_GM\10-07\FL11281011945.png, 209,1411,     0.038,     0.028,     1.362,     1.378
       1.3422028,    -87.0033,     28.5454,     -5.76,     3.320e-008,F:\Fish_GM\10-07\FL11281011945.png, 209,1406,     0.037,     0.034,     1.066,     1.285
       1.3421381,    -87.0033,     28.5454,     -6.48,     3.100e-008,F:\Fish_GM\10-07\FL11281011945.png, 209,1399,     0.042,     0.037,     1.130,     1.247
       1.3422953,    -87.0033,     28.5445,     -1.82,     8.158e-008,F:\Fish_GM\10-07\FL11281011945.png, 209,1416,     0.029,     0.016,     1.804,     2.229
       1.3437858,    -87.0034,     28.5405,     -7.43,     3.938e-008,F:\Fish_GM\10-07\FL11281011945.png, 209,1577,     0.058,     0.041,     1.413,     1.776
       1.3438969,    -87.0034,     28.5396,     -5.16,     6.185e-008,F:\Fish_GM\10-07\FL11281011945.png, 209,1589,     0.056,     0.037,     1.509,     1.874
       1.3439342,    -87.0034,     28.5396,     -6.24,     4.638e-008,F:\Fish_GM\10-07\FL11281011945.png, 209,1593,     0.048,     0.041,     1.178,     1.537
       1.3436469,    -87.0034,     28.5405,     -4.80,     7.558e-008,F:\Fish_GM\10-07\FL11281011945.png, 209,1562,     0.057,     0.040,     1.441,     1.960
       1.3436747,    -87.0034,     28.5405,     -3.13,     1.253e-007,F:\Fish_GM\10-07\FL11281011945.png, 209,1565,     0.065,     0.037,     1.761,     2.200
       1.3431472,    -87.0034,     28.5421,     -1.58,     9.554e-008,F:\Fish_GM\10-07\FL11281011945.png, 209,1508,     0.030,     0.014,     2.060,     1.682
       1.3434897,    -87.0034,     28.5413,     -2.29,     5.786e-008,F:\Fish_GM\10-07\FL11281011945.png, 209,1545,     0.027,     0.023,     1.184,     1.459
       1.3449989,    -87.0034,     28.5372,     -6.60,     3.456e-008,F:\Fish_GM\10-07\FL11281011945.png, 209,1708,     0.052,     0.040,     1.316,     1.436
       1.3451283,    -87.0034,     28.5364,     -5.88,     4.228e-008,F:\Fish_GM\10-07\FL11281011945.png, 209,1722,     0.052,     0.038,     1.340,     1.353
       1.3452117,    -87.0034,     28.5364,     -9.23,     2.426e-008,F:\Fish_GM\10-07\FL11281011945.png, 209,1731,     0.050,     0.040,     1.273,     1.348
       1.3457211,    -87.0034,     28.5339,     -5.04,     4.677e-008,F:\Fish_GM\10-07\FL11281011945.png, 209,1786,     0.043,     0.036,     1.194,     1.389
       1.3459894,    -87.0034,     28.5331,     -3.37,     6.103e-008,F:\Fish_GM\10-07\FL11281011945.png, 209,1815,     0.044,     0.032,     1.382,     1.421
       1.3460450,    -87.0034,     28.5331,     -4.57,     4.268e-008,F:\Fish_GM\10-07\FL11281011945.png, 209,1821,     0.038,     0.033,     1.158,     1.264
       1.3461192,    -87.0034,     28.5331,     -6.12,     3.286e-008,F:\Fish_GM\10-07\FL11281011945.png, 209,1829,     0.045,     0.037,     1.202,     1.383
       1.3461653,    -87.0034,     28.5331,     -4.33,     4.935e-008,F:\Fish_GM\10-07\FL11281011945.png, 209,1834,     0.039,     0.033,     1.179,     1.347
       1.3461192,    -87.0034,     28.5331,     -1.70,     7.067e-008,F:\Fish_GM\10-07\FL11281011945.png, 209,1829,     0.031,     0.020,     1.569,     1.359
       1.3464339,    -87.0034,     28.5323,     -5.64,     4.039e-008,F:\Fish_GM\10-07\FL11281011945.png, 209,1863,     0.045,     0.037,     1.222,     1.306
       1.3462486,    -87.0034,     28.5331,     -9.11,     2.303e-008,F:\Fish_GM\10-07\FL11281011945.png, 209,1843,     0.048,     0.040,     1.203,     1.291
       1.3442489,    -87.0034,     28.5388,     -6.48,     3.455e-008,F:\Fish_GM\10-07\FL11281011945.png, 209,1627,     0.045,     0.039,     1.161,     1.361
       1.3412769,    -87.0033,     28.5478,     -8.27,     2.778e-008,F:\Fish_GM\10-07\FL11281011945.png, 209,1306,     0.048,     0.040,     1.217,     1.347
       1.3487578,    -87.0034,     28.5249,     -3.13,     5.502e-008,F:\Fish_GM\10-07\FL11281012052.png, 210, 114,     0.039,     0.030,     1.287,     1.480
       1.3501094,    -87.0038,     28.5216,     -4.68,     4.113e-008,F:\Fish_GM\10-07\FL11281012052.png, 210, 260,     0.041,     0.035,     1.157,     1.371
       1.3509892,    -87.0045,     28.5191,    -10.07,     2.057e-008,F:\Fish_GM\10-07\FL11281012052.png, 210, 355,     0.052,     0.040,     1.299,     1.332
       1.3532111,    -87.0082,     28.5129,    -12.46,     1.184e-008,F:\Fish_GM\10-07\FL11281012052.png, 210, 595,     0.056,     0.046,     1.234,     1.396
       1.3532575,    -87.0082,     28.5129,    -12.82,     1.231e-008,F:\Fish_GM\10-07\FL11281012052.png, 210, 600,     0.059,     0.046,     1.286,     1.467
       1.3559981,    -87.0160,     28.5070,    -12.46,     1.352e-008,F:\Fish_GM\10-07\FL11281012052.png, 210, 896,     0.051,     0.043,     1.188,     1.323
       1.3576367,    -87.0212,     28.5042,     -7.20,     3.240e-008,F:\Fish_GM\10-07\FL11281012052.png, 210,1073,     0.043,     0.038,     1.140,     1.307
       1.3576739,    -87.0212,     28.5042,     -6.24,     3.946e-008,F:\Fish_GM\10-07\FL11281012052.png, 210,1077,     0.047,     0.037,     1.245,     1.422
       1.3576922,    -87.0212,     28.5042,     -3.61,     4.502e-008,F:\Fish_GM\10-07\FL11281012052.png, 210,1079,     0.035,     0.030,     1.174,     1.215
       1.3579794,    -87.0230,     28.5032,     -3.49,     6.797e-008,F:\Fish_GM\10-07\FL11281012052.png, 210,1110,     0.045,     0.032,     1.419,     1.657
       1.3583128,    -87.0238,     28.5027,     -6.36,     3.988e-008,F:\Fish_GM\10-07\FL11281012052.png, 210,1146,     0.047,     0.039,     1.205,     1.518
       1.3572756,    -87.0203,     28.5046,     -5.88,     3.731e-008,F:\Fish_GM\10-07\FL11281012052.png, 210,1034,     0.044,     0.037,     1.189,     1.345
       1.3638956,    -87.0426,     28.4983,     -6.96,     3.318e-008,F:\Fish_GM\10-07\FL11281012052.png, 210,1749,     0.045,     0.037,     1.214,     1.325
       1.3637475,    -87.0426,     28.4983,    -11.50,     1.404e-008,F:\Fish_GM\10-07\FL11281012052.png, 210,1733,     0.042,     0.037,     1.135,     1.280
       1.3858014,    -87.1249,     28.5012,     -9.95,     2.813e-008,F:\Fish_GM\10-07\FL11281012305.png, 212, 115,     0.057,     0.045,     1.272,     1.444
       1.5323181,    -87.4970,     28.6486,     -9.83,     1.815e-008,F:\Fish_GM\10-07\FL11281013052.png, 219,1940,     0.037,     0.029,     1.279,     1.387
       1.5531219,    -87.4973,     28.7080,     -3.61,     5.175e-008,F:\Fish_GM\10-07\FL11281013305.png, 221, 187,     0.035,     0.029,     1.213,     1.390
       1.6193764,    -87.4981,     28.8954,     -8.39,     6.303e-008,F:\Fish_GM\10-07\FL11281013625.png, 224,1343,     0.105,     0.054,     1.935,     2.037
       1.6172653,    -87.4979,     28.8891,    -19.99,     5.840e-009,F:\Fish_GM\10-07\FL11281013625.png, 224,1115,     0.119,     0.097,     1.232,     1.831
       1.6356344,    -87.4977,     28.9420,     -2.41,     9.956e-008,F:\Fish_GM\10-07\FL11281013732.png, 225,1099,     0.040,     0.031,     1.312,     1.606
       1.6357361,    -87.4977,     28.9420,     -3.13,     7.773e-008,F:\Fish_GM\10-07\FL11281013732.png, 225,1110,     0.044,     0.035,     1.266,     1.440
       1.6361067,    -87.4977,     28.9428,     -3.25,     8.925e-008,F:\Fish_GM\10-07\FL11281013732.png, 225,1150,     0.047,     0.036,     1.308,     1.528
       1.6372917,    -87.4977,     28.9467,     -2.89,     1.015e-007,F:\Fish_GM\10-07\FL11281013732.png, 225,1278,     0.045,     0.033,     1.338,     1.719
       1.6385600,    -87.4977,     28.9499,     -3.85,     6.946e-008,F:\Fish_GM\10-07\FL11281013732.png, 225,1415,     0.044,     0.038,     1.155,     1.366
       1.6388008,    -87.4977,     28.9507,     -8.27,     3.501e-008,F:\Fish_GM\10-07\FL11281013732.png, 225,1441,     0.054,     0.047,     1.143,     1.247
       1.6409211,    -87.4976,     28.9570,    -12.22,     1.747e-008,F:\Fish_GM\10-07\FL11281013732.png, 225,1670,     0.078,     0.058,     1.328,     1.477
       1.6892969,    -87.4968,     29.0942,     -6.00,     4.318e-008,F:\Fish_GM\10-07\FL11281014052.png, 228, 895,     0.045,     0.039,     1.153,     1.276
       1.6894731,    -87.4968,     29.0949,     -5.52,     4.701e-008,F:\Fish_GM\10-07\FL11281014052.png, 228, 914,     0.043,     0.039,     1.125,     1.255
       1.7109806,    -87.4969,     29.1559,     -8.15,     1.356e-007,F:\Fish_GM\10-07\FL11281014159.png, 229,1237,     0.158,     0.064,     2.456,     2.955
       1.7444503,    -87.4981,     29.2500,     -3.73,     7.042e-008,F:\Fish_GM\10-07\FL11281014412.png, 231, 852,     0.043,     0.038,     1.115,     1.366
       1.7543292,    -87.4978,     29.2770,     -3.85,     7.514e-008,F:\Fish_GM\10-07\FL11281014412.png, 231,1919,     0.049,     0.043,     1.135,     1.244
       1.7971317,    -87.4978,     29.3952,     -2.17,     1.007e-007,F:\Fish_GM\10-07\FL11281014732.png, 234, 542,     0.033,     0.023,     1.431,     1.453
       1.8328142,    -87.4975,     29.4942,     -4.09,     6.196e-008,F:\Fish_GM\10-07\FL11281014945.png, 236, 396,     0.042,     0.035,     1.216,     1.350
       1.8334714,    -87.4976,     29.4957,     -3.97,     5.966e-008,F:\Fish_GM\10-07\FL11281014945.png, 236, 467,     0.041,     0.036,     1.129,     1.239
       1.8442947,    -87.4980,     29.5257,     -3.13,     1.084e-007,F:\Fish_GM\10-07\FL11281014945.png, 236,1636,     0.051,     0.042,     1.224,     1.338
       1.8467575,    -87.4979,     29.5326,     -6.12,     6.159e-008,F:\Fish_GM\10-07\FL11281014945.png, 236,1902,     0.058,     0.053,     1.089,     1.225
       1.8471742,    -87.4978,     29.5341,     -3.97,     8.092e-008,F:\Fish_GM\10-07\FL11281014945.png, 236,1947,     0.047,     0.043,     1.080,     1.348
       1.8584417,    -87.4975,     29.5649,     -2.89,     1.002e-007,F:\Fish_GM\10-07\FL11281015052.png, 237,1164,     0.045,     0.037,     1.227,     1.381
       1.8559789,    -87.4975,     29.5580,     -2.53,     9.277e-008,F:\Fish_GM\10-07\FL11281015052.png, 237, 898,     0.046,     0.039,     1.189,     1.309
       1.8602564,    -87.4975,     29.5703,     -3.73,     7.863e-008,F:\Fish_GM\10-07\FL11281015052.png, 237,1360,     0.045,     0.041,     1.113,     1.316
       1.8716536,    -87.4979,     29.6019,    -11.02,     2.478e-008,F:\Fish_GM\10-07\FL11281015159.png, 238, 591,     0.076,     0.056,     1.354,     1.766
       1.9294919,    -87.4980,     29.7607,     -2.53,     6.174e-007,F:\Fish_GM\10-07\FL11281015519.png, 241, 838,     0.180,     0.062,     2.917,     3.791
       2.0064400,    -87.4976,     29.9719,     -5.28,     1.037e-007,F:\Fish_GM\10-07\FL11281015945.png, 245,1149,     0.098,     0.066,     1.493,     1.639
       2.0150689,    -87.5065,     29.9921,     -4.92,     9.076e-008,F:\Fish_GM\10-07\FL11281020052.png, 246,  81,     0.087,     0.074,     1.173,     1.220
       2.0147725,    -87.5058,     29.9917,     -1.22,     2.409e-007,F:\Fish_GM\10-07\FL11281020052.png, 246,  49,     0.055,     0.045,     1.205,     1.526
       2.0268272,    -87.5451,     29.9995,     -2.17,     1.198e-007,F:\Fish_GM\10-07\FL11281020052.png, 246,1351,     0.048,     0.039,     1.253,     1.414
       2.0276142,    -87.5480,     29.9996,     -1.46,     1.505e-007,F:\Fish_GM\10-07\FL11281020052.png, 246,1436,     0.041,     0.031,     1.315,     1.389
       2.0262903,    -87.5432,     29.9995,     -4.57,     7.275e-008,F:\Fish_GM\10-07\FL11281020052.png, 246,1293,     0.058,     0.050,     1.157,     1.294
       2.0290031,    -87.5528,     29.9998,     -2.53,     1.233e-007,F:\Fish_GM\10-07\FL11281020052.png, 246,1586,     0.053,     0.036,     1.455,     1.659
       2.0401872,    -87.5923,     30.0013,     -2.29,     1.329e-007,F:\Fish_GM\10-07\FL11281020159.png, 247, 794,     0.037,     0.032,     1.160,     1.670
       2.0441592,    -87.6059,     30.0017,     -4.09,     1.213e-007,F:\Fish_GM\10-07\FL11281020159.png, 247,1223,     0.081,     0.045,     1.803,     2.298
       2.0413631,    -87.5952,     30.0014,     -1.58,     1.338e-007,F:\Fish_GM\10-07\FL11281020159.png, 247, 921,     0.037,     0.028,     1.315,     1.396
       2.0478997,    -87.6185,     30.0019,     -1.70,     1.249e-007,F:\Fish_GM\10-07\FL11281020159.png, 247,1627,     0.035,     0.023,     1.506,     1.558
       2.0517419,    -87.6311,     30.0019,     -2.77,     9.420e-008,F:\Fish_GM\10-07\FL11281020305.png, 248,  42,     0.039,     0.033,     1.192,     1.381
       2.1689092,    -88.0072,     29.9509,     -4.21,     1.071e-007,F:\Fish_GM\10-07\FL11281020945.png, 254, 697,     0.075,     0.066,     1.141,     1.340
       2.2210072,    -88.0028,     29.7975,     -2.89,     1.690e-007,F:\Fish_GM\10-07\FL11281021305.png, 257, 324,     0.076,     0.067,     1.135,     1.316
       2.2807247,    -88.0035,     29.6218,     -5.40,     7.021e-008,F:\Fish_GM\10-07\FL11281021625.png, 260, 774,     0.066,     0.054,     1.235,     1.342
       2.3210736,    -88.0030,     29.5048,     -4.68,     8.503e-008,F:\Fish_GM\10-07\FL11281021839.png, 262,1132,     0.064,     0.054,     1.181,     1.400
       2.3384706,    -88.0031,     29.4551,     -2.17,     1.399e-007,F:\Fish_GM\10-07\FL11281021945.png, 263,1011,     0.069,     0.038,     1.820,     1.636
       2.3662833,    -88.0026,     29.3748,     -4.92,     1.594e-007,F:\Fish_GM\10-07\FL11281022159.png, 265,  15,     0.105,     0.094,     1.123,     1.486
       2.4724603,    -88.0034,     29.0687,     -6.00,     3.496e-008,F:\Fish_GM\10-07\FL11281022732.png, 270,1483,     0.042,     0.034,     1.235,     1.289
       2.4760342,    -88.0034,     29.0584,     -1.46,     1.637e-007,F:\Fish_GM\10-07\FL11281022732.png, 270,1869,     0.040,     0.022,     1.862,     2.537
       2.4844872,    -88.0031,     29.0339,    -11.98,     1.756e-008,F:\Fish_GM\10-07\FL11281022839.png, 271, 782,     0.054,     0.046,     1.196,     1.472
       2.4845983,    -88.0031,     29.0339,     -8.27,     2.930e-008,F:\Fish_GM\10-07\FL11281022839.png, 271, 794,     0.043,     0.036,     1.192,     1.303
       2.4842003,    -88.0031,     29.0347,    -12.10,     1.897e-008,F:\Fish_GM\10-07\FL11281022839.png, 271, 751,     0.063,     0.053,     1.177,     1.425
       2.4841817,    -88.0031,     29.0347,     -5.88,     4.791e-008,F:\Fish_GM\10-07\FL11281022839.png, 271, 749,     0.048,     0.044,     1.095,     1.243
       2.4985047,    -88.0024,     28.9933,    -12.34,     1.529e-008,F:\Fish_GM\10-07\FL11281022945.png, 272, 296,     0.050,     0.044,     1.130,     1.465
       2.4984306,    -88.0024,     28.9941,     -5.88,     4.404e-008,F:\Fish_GM\10-07\FL11281022945.png, 272, 288,     0.048,     0.037,     1.282,     1.308
       2.5034117,    -88.0028,     28.9797,     -5.64,     4.284e-008,F:\Fish_GM\10-07\FL11281022945.png, 272, 826,     0.045,     0.035,     1.300,     1.443
       2.5037544,    -88.0029,     28.9789,     -3.97,     4.391e-008,F:\Fish_GM\10-07\FL11281022945.png, 272, 863,     0.045,     0.033,     1.385,     1.303
       2.5648608,    -88.0029,     28.8043,     -4.57,     4.152e-008,F:\Fish_GM\10-07\FL11281023305.png, 275,1463,     0.036,     0.030,     1.210,     1.402
       2.5646386,    -88.0029,     28.8051,     -2.65,     4.819e-008,F:\Fish_GM\10-07\FL11281023305.png, 275,1439,     0.029,     0.020,     1.422,     1.259
       2.5695458,    -88.0024,     28.7908,     -8.27,     2.155e-008,F:\Fish_GM\10-07\FL11281023305.png, 275,1969,     0.033,     0.028,     1.162,     1.329
       2.5716011,    -88.0022,     28.7845,     -5.04,     3.934e-008,F:\Fish_GM\10-07\FL11281023412.png, 276, 191,     0.037,     0.030,     1.238,     1.449
       2.5757767,    -88.0020,     28.7734,     -4.45,     4.589e-008,F:\Fish_GM\10-07\FL11281023412.png, 276, 642,     0.042,     0.030,     1.409,     1.618
       2.5907942,    -88.0013,     28.7295,     -4.68,     3.483e-008,F:\Fish_GM\10-07\FL11281023519.png, 277, 264,     0.033,     0.027,     1.214,     1.248
       2.5972844,    -88.0011,     28.7110,     -6.24,     3.265e-008,F:\Fish_GM\10-07\FL11281023519.png, 277, 965,     0.038,     0.028,     1.330,     1.520
       2.6104592,    -88.0011,     28.6734,     -4.80,     4.029e-008,F:\Fish_GM\10-07\FL11281023625.png, 278, 388,     0.036,     0.030,     1.207,     1.452
       2.6461511,    -88.0013,     28.5701,     -3.01,     4.905e-008,F:\Fish_GM\10-07\FL11281023839.png, 280, 243,     0.027,     0.022,     1.220,     1.376
       2.6545856,    -88.0012,     28.5459,     -3.49,     4.587e-008,F:\Fish_GM\10-07\FL11281023839.png, 280,1154,     0.035,     0.027,     1.312,     1.379
       2.6638811,    -88.0012,     28.5186,     -7.67,     2.693e-008,F:\Fish_GM\10-07\FL11281023945.png, 281, 158,     0.041,     0.031,     1.321,     1.386
       2.6724453,    -88.0012,     28.4936,     -4.80,     4.350e-008,F:\Fish_GM\10-07\FL11281023945.png, 281,1083,     0.044,     0.032,     1.388,     1.584
       2.6916383,    -88.0016,     28.4378,     -8.87,     2.915e-008,F:\Fish_GM\10-07\FL11281024052.png, 282,1156,     0.044,     0.033,     1.344,     1.603
       2.7042669,    -88.0020,     28.4013,     -2.77,     5.175e-008,F:\Fish_GM\10-07\FL11281024159.png, 283, 520,     0.030,     0.023,     1.317,     1.424
       2.7209417,    -88.0025,     28.3528,     -5.16,     3.778e-008,F:\Fish_GM\10-07\FL11281024305.png, 284, 321,     0.042,     0.029,     1.444,     1.495
       2.7299411,    -88.0025,     28.3269,     -7.43,     2.273e-008,F:\Fish_GM\10-07\FL11281024305.png, 284,1293,     0.033,     0.027,     1.225,     1.498
       2.7302928,    -88.0025,     28.3261,     -6.48,     3.351e-008,F:\Fish_GM\10-07\FL11281024305.png, 284,1331,     0.037,     0.027,     1.369,     1.536
       2.7277839,    -88.0025,     28.3326,     -4.09,     3.564e-008,F:\Fish_GM\10-07\FL11281024305.png, 284,1060,     0.032,     0.024,     1.315,     1.515
       2.7375239,    -88.0027,     28.3043,     -5.16,     4.262e-008,F:\Fish_GM\10-07\FL11281024412.png, 285, 112,     0.039,     0.026,     1.469,     1.762
       2.7382922,    -88.0027,     28.3027,     -9.59,     1.900e-008,F:\Fish_GM\10-07\FL11281024412.png, 285, 195,     0.035,     0.027,     1.307,     1.510
       2.7391069,    -88.0027,     28.3002,     -6.12,     2.593e-008,F:\Fish_GM\10-07\FL11281024412.png, 285, 283,     0.030,     0.025,     1.220,     1.379
       2.7390608,    -88.0027,     28.3002,     -6.72,     2.250e-008,F:\Fish_GM\10-07\FL11281024412.png, 285, 278,     0.032,     0.026,     1.239,     1.349
       2.7398661,    -88.0027,     28.2978,    -10.54,     1.768e-008,F:\Fish_GM\10-07\FL11281024412.png, 285, 365,     0.037,     0.028,     1.356,     1.411
       2.7534392,    -88.0030,     28.2580,     -8.63,     2.375e-008,F:\Fish_GM\10-07\FL11281024412.png, 285,1831,     0.041,     0.032,     1.274,     1.405
       2.7531708,    -88.0030,     28.2588,     -2.53,     5.686e-008,F:\Fish_GM\10-07\FL11281024412.png, 285,1802,     0.029,     0.021,     1.401,     1.643
       2.7528931,    -88.0030,     28.2596,     -2.65,     4.883e-008,F:\Fish_GM\10-07\FL11281024412.png, 285,1772,     0.030,     0.021,     1.441,     1.550
       2.7523561,    -88.0030,     28.2613,     -5.76,     2.868e-008,F:\Fish_GM\10-07\FL11281024412.png, 285,1714,     0.033,     0.026,     1.245,     1.312
       2.7519208,    -88.0030,     28.2621,    -13.77,     9.662e-009,F:\Fish_GM\10-07\FL11281024412.png, 285,1667,     0.059,     0.039,     1.519,     1.404
       2.7510042,    -88.0030,     28.2654,     -6.12,     2.888e-008,F:\Fish_GM\10-07\FL11281024412.png, 285,1568,     0.036,     0.026,     1.366,     1.415
       2.8219156,    -88.0030,     28.0565,     -4.80,     3.630e-008,F:\Fish_GM\10-07\FL11281024839.png, 289,1227,     0.031,     0.026,     1.226,     1.500
       2.8219806,    -88.0030,     28.0565,     -6.36,     2.458e-008,F:\Fish_GM\10-07\FL11281024839.png, 289,1234,     0.029,     0.025,     1.147,     1.343
       2.8216194,    -88.0030,     28.0573,     -7.20,     2.258e-008,F:\Fish_GM\10-07\FL11281024839.png, 289,1195,     0.029,     0.026,     1.123,     1.340
       2.8215822,    -88.0030,     28.0573,     -4.92,     3.409e-008,F:\Fish_GM\10-07\FL11281024839.png, 289,1191,     0.032,     0.026,     1.258,     1.361
       2.8519506,    -88.0611,     27.9996,    -13.53,     1.177e-008,F:\Fish_GM\10-07\FL11281025052.png, 291, 471,     0.041,     0.038,     1.079,     1.451
       2.8520153,    -88.0622,     27.9996,    -10.46,     1.779e-008,F:\Fish_GM\10-07\FL11281025052.png, 291, 478,     0.037,     0.030,     1.222,     1.435
       2.8520336,    -88.0622,     27.9996,    -14.71,     8.232e-009,F:\Fish_GM\10-07\FL11281025052.png, 291, 480,     0.045,     0.040,     1.125,     1.465
       2.8522558,    -88.0622,     27.9996,     -9.16,     1.923e-008,F:\Fish_GM\10-07\FL11281025052.png, 291, 504,     0.033,     0.028,     1.191,     1.271
       2.8749303,    -88.1485,     28.0033,     -7.79,     2.250e-008,F:\Fish_GM\10-07\FL11281025159.png, 292, 953,     0.033,     0.025,     1.317,     1.408
       2.8750506,    -88.1485,     28.0033,    -10.30,     1.571e-008,F:\Fish_GM\10-07\FL11281025159.png, 292, 966,     0.031,     0.026,     1.191,     1.288
       2.8787261,    -88.1620,     28.0033,    -10.07,     1.563e-008,F:\Fish_GM\10-07\FL11281025159.png, 292,1363,     0.031,     0.026,     1.176,     1.389
       2.8881978,    -88.1976,     28.0027,     -6.12,     3.177e-008,F:\Fish_GM\10-07\FL11281025305.png, 293, 386,     0.035,     0.024,     1.480,     1.603
       2.8925122,    -88.2144,     28.0026,     -4.92,     2.563e-008,F:\Fish_GM\10-07\FL11281025305.png, 293, 852,     0.028,     0.023,     1.246,     1.332
       2.8925586,    -88.2144,     28.0026,     -2.05,     5.648e-008,F:\Fish_GM\10-07\FL11281025305.png, 293, 857,     0.018,     0.009,     1.979,     1.642
       2.8967989,    -88.2302,     28.0024,     -8.15,     2.326e-008,F:\Fish_GM\10-07\FL11281025305.png, 293,1315,     0.030,     0.024,     1.260,     1.470
       2.9057056,    -88.2640,     28.0023,     -7.43,     2.003e-008,F:\Fish_GM\10-07\FL11281025412.png, 294, 277,     0.029,     0.024,     1.217,     1.322
       2.9057242,    -88.2640,     28.0023,     -6.36,     2.307e-008,F:\Fish_GM\10-07\FL11281025412.png, 294, 279,     0.028,     0.023,     1.193,     1.271
       2.9424806,    -88.4031,     28.0026,     -8.15,     2.043e-008,F:\Fish_GM\10-07\FL11281025625.png, 296, 249,     0.036,     0.026,     1.399,     1.555
       2.9413697,    -88.3990,     28.0027,     -6.84,     2.456e-008,F:\Fish_GM\10-07\FL11281025625.png, 296, 129,     0.032,     0.025,     1.279,     1.349
       2.9508781,    -88.4344,     28.0024,     -8.75,     2.391e-008,F:\Fish_GM\10-07\FL11281025625.png, 296,1156,     0.035,     0.025,     1.386,     1.672
       2.9495542,    -88.4292,     28.0024,     -4.45,     4.357e-008,F:\Fish_GM\10-07\FL11281025625.png, 296,1013,     0.035,     0.025,     1.397,     1.576
       2.9548131,    -88.4490,     28.0025,     -5.28,     3.191e-008,F:\Fish_GM\10-07\FL11281025625.png, 296,1581,     0.033,     0.024,     1.346,     1.501
       2.9549519,    -88.4490,     28.0025,     -3.61,     3.605e-008,F:\Fish_GM\10-07\FL11281025625.png, 296,1596,     0.025,     0.020,     1.252,     1.251
       2.9549797,    -88.4501,     28.0025,    -13.17,     1.022e-008,F:\Fish_GM\10-07\FL11281025625.png, 296,1599,     0.047,     0.034,     1.376,     1.519
       2.9552944,    -88.4511,     28.0025,     -5.64,     3.068e-008,F:\Fish_GM\10-07\FL11281025625.png, 296,1633,     0.033,     0.025,     1.302,     1.383
       3.0095219,    -88.4964,     28.1347,    -25.25,     2.671e-008,F:\Fish_GM\10-07\FL11281025945.png, 299,1490,     0.794,     0.219,     3.626,     5.096
       3.0234561,    -88.4980,     28.1734,     -8.27,     2.296e-008,F:\Fish_GM\10-07\FL11281030052.png, 300, 995,     0.033,     0.026,     1.250,     1.439
       3.0246597,    -88.4976,     28.1772,     -3.97,     4.044e-008,F:\Fish_GM\10-07\FL11281030052.png, 300,1125,     0.035,     0.027,     1.335,     1.264
       3.0246967,    -88.4976,     28.1772,     -6.72,     2.409e-008,F:\Fish_GM\10-07\FL11281030052.png, 300,1129,     0.031,     0.026,     1.163,     1.305
       3.0269094,    -88.4964,     28.1831,     -8.51,     1.885e-008,F:\Fish_GM\10-07\FL11281030052.png, 300,1368,     0.030,     0.026,     1.177,     1.321
       3.0271225,    -88.4962,     28.1838,     -8.75,     1.928e-008,F:\Fish_GM\10-07\FL11281030052.png, 300,1391,     0.032,     0.025,     1.264,     1.381
       3.0272150,    -88.4962,     28.1838,     -9.11,     1.822e-008,F:\Fish_GM\10-07\FL11281030052.png, 300,1401,     0.029,     0.025,     1.162,     1.364
       3.0275019,    -88.4960,     28.1845,     -7.79,     2.159e-008,F:\Fish_GM\10-07\FL11281030052.png, 300,1432,     0.034,     0.026,     1.299,     1.395
       3.0275019,    -88.4960,     28.1845,     -5.76,     2.800e-008,F:\Fish_GM\10-07\FL11281030052.png, 300,1432,     0.033,     0.025,     1.308,     1.281
       3.0275947,    -88.4960,     28.1845,     -6.00,     2.649e-008,F:\Fish_GM\10-07\FL11281030052.png, 300,1442,     0.031,     0.025,     1.268,     1.307
       3.0294278,    -88.4951,     28.1889,    -10.78,     1.476e-008,F:\Fish_GM\10-07\FL11281030052.png, 300,1640,     0.036,     0.028,     1.274,     1.559
       3.0306683,    -88.4950,     28.1928,     -6.48,     3.180e-008,F:\Fish_GM\10-07\FL11281030052.png, 300,1774,     0.035,     0.025,     1.444,     1.733
       3.0433806,    -88.4970,     28.2283,     -9.23,     2.020e-008,F:\Fish_GM\10-07\FL11281030158.png, 301,1147,     0.034,     0.026,     1.300,     1.507
       3.0572683,    -88.5034,     28.2668,     -6.12,     3.010e-008,F:\Fish_GM\10-07\FL11281030305.png, 302, 647,     0.031,     0.023,     1.341,     1.527
       3.0570739,    -88.5034,     28.2668,     -8.63,     1.836e-008,F:\Fish_GM\10-07\FL11281030305.png, 302, 626,     0.026,     0.023,     1.152,     1.316
       3.0570553,    -88.5034,     28.2668,    -13.65,     9.381e-009,F:\Fish_GM\10-07\FL11281030305.png, 302, 624,     0.036,     0.031,     1.145,     1.503
       3.0549258,    -88.5029,     28.2613,     -7.08,     2.291e-008,F:\Fish_GM\10-07\FL11281030305.png, 302, 394,     0.027,     0.023,     1.168,     1.370
       3.0548056,    -88.5028,     28.2605,     -5.04,     3.153e-008,F:\Fish_GM\10-07\FL11281030305.png, 302, 381,     0.032,     0.023,     1.358,     1.465
       3.0546019,    -88.5028,     28.2605,     -6.36,     2.419e-008,F:\Fish_GM\10-07\FL11281030305.png, 302, 359,     0.027,     0.023,     1.198,     1.338
       3.0542869,    -88.5027,     28.2597,     -4.09,     3.374e-008,F:\Fish_GM\10-07\FL11281030305.png, 302, 325,     0.025,     0.021,     1.176,     1.395
       3.0558889,    -88.5031,     28.2636,     -8.39,     2.098e-008,F:\Fish_GM\10-07\FL11281030305.png, 302, 498,     0.034,     0.024,     1.436,     1.697
       3.0558611,    -88.5031,     28.2636,     -6.36,     2.114e-008,F:\Fish_GM\10-07\FL11281030305.png, 302, 495,     0.026,     0.023,     1.130,     1.205
       3.0609533,    -88.5042,     28.2777,     -3.37,     3.913e-008,F:\Fish_GM\10-07\FL11281030305.png, 302,1045,     0.028,     0.019,     1.424,     1.430
       3.0639344,    -88.5048,     28.2863,     -8.63,     1.865e-008,F:\Fish_GM\10-07\FL11281030305.png, 302,1367,     0.030,     0.024,     1.283,     1.488
       3.0729522,    -88.5066,     28.3121,     -4.80,     4.685e-008,F:\Fish_GM\10-07\FL11281030412.png, 303, 341,     0.038,     0.026,     1.421,     1.619
       3.0745264,    -88.5069,     28.3160,     -4.92,     3.736e-008,F:\Fish_GM\10-07\FL11281030412.png, 303, 511,     0.035,     0.025,     1.434,     1.477
       3.0816553,    -88.5083,     28.3357,     -5.88,     5.662e-008,F:\Fish_GM\10-07\FL11281030412.png, 303,1281,     0.064,     0.034,     1.864,     2.016
       3.0839236,    -88.5088,     28.3429,    -13.17,     1.497e-008,F:\Fish_GM\10-07\FL11281030412.png, 303,1526,     0.060,     0.039,     1.563,     1.842
       3.0993022,    -88.5118,     28.3860,     -6.72,     2.471e-008,F:\Fish_GM\10-07\FL11281030518.png, 304,1187,     0.029,     0.023,     1.232,     1.399
       3.0997094,    -88.5118,     28.3867,     -5.76,     3.253e-008,F:\Fish_GM\10-07\FL11281030518.png, 304,1231,     0.033,     0.024,     1.395,     1.673
       3.0997744,    -88.5118,     28.3867,     -7.91,     1.911e-008,F:\Fish_GM\10-07\FL11281030518.png, 304,1238,     0.028,     0.023,     1.221,     1.289
       3.1000522,    -88.5119,     28.3875,     -5.76,     2.955e-008,F:\Fish_GM\10-07\FL11281030518.png, 304,1268,     0.031,     0.024,     1.266,     1.358
       3.1014039,    -88.5122,     28.3922,     -7.32,     2.217e-008,F:\Fish_GM\10-07\FL11281030518.png, 304,1414,     0.032,     0.024,     1.350,     1.380
       3.1128567,    -88.5145,     28.4246,     -6.00,     2.409e-008,F:\Fish_GM\10-07\FL11281030625.png, 305, 651,     0.028,     0.023,     1.215,     1.289
       3.1132178,    -88.5145,     28.4254,     -7.91,     1.955e-008,F:\Fish_GM\10-07\FL11281030625.png, 305, 690,     0.031,     0.024,     1.271,     1.356
       3.1120419,    -88.5143,     28.4222,     -2.89,     3.831e-008,F:\Fish_GM\10-07\FL11281030625.png, 305, 563,     0.026,     0.018,     1.478,     1.335
       3.1182267,    -88.5154,     28.4396,     -7.32,     2.438e-008,F:\Fish_GM\10-07\FL11281030625.png, 305,1231,     0.034,     0.024,     1.391,     1.478
       3.1242169,    -88.5165,     28.4561,     -6.60,     2.427e-008,F:\Fish_GM\10-07\FL11281030625.png, 305,1878,     0.029,     0.024,     1.228,     1.348
       3.1245594,    -88.5166,     28.4585,     -5.64,     3.221e-008,F:\Fish_GM\10-07\FL11281030625.png, 305,1915,     0.030,     0.025,     1.231,     1.441
       3.1290408,    -88.5174,     28.4703,     -7.55,     2.488e-008,F:\Fish_GM\10-07\FL11281030732.png, 306, 399,     0.032,     0.026,     1.243,     1.498
       3.1291242,    -88.5174,     28.4703,     -6.72,     2.270e-008,F:\Fish_GM\10-07\FL11281030732.png, 306, 408,     0.029,     0.026,     1.134,     1.239
       3.1290592,    -88.5174,     28.4703,    -10.07,     1.468e-008,F:\Fish_GM\10-07\FL11281030732.png, 306, 401,     0.032,     0.026,     1.229,     1.314
       3.1315036,    -88.5179,     28.4774,    -14.73,     1.031e-008,F:\Fish_GM\10-07\FL11281030732.png, 306, 665,     0.045,     0.039,     1.173,     1.734
       3.1314203,    -88.5179,     28.4774,     -3.25,     5.546e-008,F:\Fish_GM\10-07\FL11281030732.png, 306, 656,     0.030,     0.023,     1.318,     1.595
       3.1316053,    -88.5180,     28.4783,     -6.48,     3.302e-008,F:\Fish_GM\10-07\FL11281030732.png, 306, 676,     0.038,     0.029,     1.297,     1.479
       3.1315775,    -88.5179,     28.4774,     -4.92,     3.425e-008,F:\Fish_GM\10-07\FL11281030732.png, 306, 673,     0.034,     0.028,     1.218,     1.214
       3.1337997,    -88.5184,     28.4846,     -4.57,     4.427e-008,F:\Fish_GM\10-07\FL11281030732.png, 306, 913,     0.037,     0.028,     1.334,     1.473
       3.1382622,    -88.5192,     28.4964,     -4.09,     3.949e-008,F:\Fish_GM\10-07\FL11281030732.png, 306,1395,     0.033,     0.024,     1.391,     1.470
       3.1467617,    -88.5173,     28.5204,     -5.28,     3.037e-008,F:\Fish_GM\10-07\FL11281030838.png, 307, 313,     0.030,     0.024,     1.261,     1.434
       3.1545017,    -88.5130,     28.5415,     -5.28,     3.724e-008,F:\Fish_GM\10-07\FL11281030838.png, 307,1149,     0.034,     0.025,     1.358,     1.588
       3.1547889,    -88.5130,     28.5415,     -4.80,     3.448e-008,F:\Fish_GM\10-07\FL11281030838.png, 307,1180,     0.031,     0.024,     1.295,     1.426
       3.1542889,    -88.5131,     28.5407,     -3.37,     3.856e-008,F:\Fish_GM\10-07\FL11281030838.png, 307,1126,     0.027,     0.020,     1.344,     1.331
       3.1544092,    -88.5131,     28.5407,     -9.71,     1.524e-008,F:\Fish_GM\10-07\FL11281030838.png, 307,1139,     0.030,     0.026,     1.156,     1.375
       3.1535575,    -88.5136,     28.5385,     -8.75,     2.137e-008,F:\Fish_GM\10-07\FL11281030838.png, 307,1047,     0.034,     0.025,     1.333,     1.475
       3.1554461,    -88.5124,     28.5445,     -4.45,     3.364e-008,F:\Fish_GM\10-07\FL11281030838.png, 307,1251,     0.033,     0.025,     1.302,     1.345
       3.1557517,    -88.5123,     28.5453,     -6.84,     2.470e-008,F:\Fish_GM\10-07\FL11281030838.png, 307,1284,     0.032,     0.025,     1.273,     1.353
       3.1575569,    -88.5115,     28.5498,     -4.92,     3.364e-008,F:\Fish_GM\10-07\FL11281030838.png, 307,1479,     0.034,     0.025,     1.317,     1.413
       3.1577514,    -88.5115,     28.5498,     -7.67,     2.057e-008,F:\Fish_GM\10-07\FL11281030838.png, 307,1500,     0.032,     0.025,     1.295,     1.417
       3.1577886,    -88.5115,     28.5498,     -5.40,     2.871e-008,F:\Fish_GM\10-07\FL11281030838.png, 307,1504,     0.030,     0.024,     1.258,     1.274
       3.1579736,    -88.5113,     28.5506,     -2.53,     4.356e-008,F:\Fish_GM\10-07\FL11281030838.png, 307,1524,     0.024,     0.018,     1.336,     1.349
       3.1559369,    -88.5123,     28.5453,    -15.33,     8.534e-009,F:\Fish_GM\10-07\FL11281030838.png, 307,1304,     0.050,     0.036,     1.378,     1.487
       3.1561961,    -88.5121,     28.5460,     -6.12,     2.363e-008,F:\Fish_GM\10-07\FL11281030838.png, 307,1332,     0.029,     0.023,     1.242,     1.312
       3.1563258,    -88.5121,     28.5460,     -7.08,     2.204e-008,F:\Fish_GM\10-07\FL11281030838.png, 307,1346,     0.030,     0.025,     1.213,     1.432
       3.1563072,    -88.5121,     28.5460,     -3.73,     3.335e-008,F:\Fish_GM\10-07\FL11281030838.png, 307,1344,     0.026,     0.023,     1.150,     1.275
       3.1611864,    -88.5098,     28.5590,     -4.68,     3.592e-008,F:\Fish_GM\10-07\FL11281030838.png, 307,1871,     0.035,     0.025,     1.379,     1.530
       3.1611403,    -88.5098,     28.5590,     -3.85,     3.969e-008,F:\Fish_GM\10-07\FL11281030838.png, 307,1866,     0.029,     0.022,     1.329,     1.513
       3.1630289,    -88.5088,     28.5643,     -4.92,     2.981e-008,F:\Fish_GM\10-07\FL11281030945.png, 308,  70,     0.030,     0.025,     1.232,     1.299
       3.1652881,    -88.5076,     28.5711,     -6.96,     2.455e-008,F:\Fish_GM\10-07\FL11281030945.png, 308, 314,     0.035,     0.025,     1.394,     1.341
       3.1653992,    -88.5076,     28.5711,     -4.33,     3.488e-008,F:\Fish_GM\10-07\FL11281030945.png, 308, 326,     0.032,     0.024,     1.329,     1.329
       3.1654731,    -88.5076,     28.5711,     -6.60,     2.277e-008,F:\Fish_GM\10-07\FL11281030945.png, 308, 334,     0.027,     0.024,     1.131,     1.257
       3.1667044,    -88.5071,     28.5742,     -7.08,     3.708e-008,F:\Fish_GM\10-07\FL11281030945.png, 308, 467,     0.043,     0.028,     1.527,     1.671
       3.1681119,    -88.5063,     28.5788,    -16.52,     5.989e-009,F:\Fish_GM\10-07\FL11281030945.png, 308, 619,     0.045,     0.035,     1.267,     1.534
       3.1682600,    -88.5061,     28.5795,    -14.85,     7.862e-009,F:\Fish_GM\10-07\FL11281030945.png, 308, 635,     0.042,     0.037,     1.128,     1.433
       3.1682600,    -88.5061,     28.5795,     -9.47,     1.803e-008,F:\Fish_GM\10-07\FL11281030945.png, 308, 635,     0.032,     0.026,     1.241,     1.503
       3.1683064,    -88.5061,     28.5795,     -8.03,     1.941e-008,F:\Fish_GM\10-07\FL11281030945.png, 308, 640,     0.028,     0.024,     1.158,     1.252
       3.1684453,    -88.5061,     28.5795,     -5.04,     2.659e-008,F:\Fish_GM\10-07\FL11281030945.png, 308, 655,     0.028,     0.024,     1.166,     1.248
       3.1691117,    -88.5059,     28.5811,     -8.03,     2.174e-008,F:\Fish_GM\10-07\FL11281030945.png, 308, 727,     0.032,     0.025,     1.261,     1.387
       3.1691489,    -88.5059,     28.5811,    -17.60,     5.926e-009,F:\Fish_GM\10-07\FL11281030945.png, 308, 731,     0.051,     0.037,     1.399,     1.813
       3.1715467,    -88.5050,     28.5880,     -5.52,     3.514e-008,F:\Fish_GM\10-07\FL11281030945.png, 308, 990,     0.036,     0.025,     1.429,     1.537
       3.1716022,    -88.5050,     28.5880,     -6.48,     2.529e-008,F:\Fish_GM\10-07\FL11281030945.png, 308, 996,     0.031,     0.025,     1.251,     1.357
       3.1718061,    -88.5049,     28.5888,     -7.91,     2.159e-008,F:\Fish_GM\10-07\FL11281030945.png, 308,1018,     0.031,     0.025,     1.201,     1.361
       3.1735003,    -88.5045,     28.5943,     -6.89,     2.521e-008,F:\Fish_GM\10-07\FL11281030945.png, 308,1201,     0.031,     0.025,     1.222,     1.411
       3.1776203,    -88.5040,     28.6052,     -7.37,     2.334e-008,F:\Fish_GM\10-07\FL11281030945.png, 308,1646,     0.031,     0.025,     1.241,     1.294
       3.1775647,    -88.5040,     28.6052,    -10.49,     1.427e-008,F:\Fish_GM\10-07\FL11281030945.png, 308,1640,     0.030,     0.027,     1.111,     1.304
       3.1780647,    -88.5039,     28.6068,    -14.69,     1.081e-008,F:\Fish_GM\10-07\FL11281030945.png, 308,1694,     0.051,     0.040,     1.264,     1.875
       3.1793517,    -88.5038,     28.6099,     -7.61,     2.242e-008,F:\Fish_GM\10-07\FL11281030945.png, 308,1833,     0.033,     0.027,     1.236,     1.298
       3.1787500,    -88.5038,     28.6084,     -6.53,     2.398e-008,F:\Fish_GM\10-07\FL11281030945.png, 308,1768,     0.028,     0.025,     1.137,     1.262
       3.1784906,    -88.5039,     28.6076,     -5.69,     4.325e-008,F:\Fish_GM\10-07\FL11281030945.png, 308,1740,     0.038,     0.026,     1.451,     1.789
       3.1823608,    -88.5034,     28.6185,     -5.40,     2.898e-008,F:\Fish_GM\10-07\FL11281031052.png, 309, 158,     0.034,     0.025,     1.357,     1.385
       3.1823886,    -88.5034,     28.6185,     -8.51,     2.293e-008,F:\Fish_GM\10-07\FL11281031052.png, 309, 161,     0.034,     0.027,     1.264,     1.460
       3.1850919,    -88.5030,     28.6264,     -4.33,     3.945e-008,F:\Fish_GM\10-07\FL11281031052.png, 309, 453,     0.035,     0.025,     1.439,     1.528
       3.1847494,    -88.5031,     28.6248,     -6.24,     3.281e-008,F:\Fish_GM\10-07\FL11281031052.png, 309, 416,     0.034,     0.026,     1.295,     1.517
       3.1848236,    -88.5030,     28.6256,    -13.17,     1.009e-008,F:\Fish_GM\10-07\FL11281031052.png, 309, 424,     0.037,     0.033,     1.140,     1.402
       3.1910639,    -88.5020,     28.6428,     -6.96,     2.524e-008,F:\Fish_GM\10-07\FL11281031052.png, 309,1098,     0.032,     0.026,     1.228,     1.373
       3.1912953,    -88.5020,     28.6436,     -5.76,     2.843e-008,F:\Fish_GM\10-07\FL11281031052.png, 309,1123,     0.030,     0.025,     1.192,     1.302
       3.1916750,    -88.5019,     28.6444,     -3.37,     4.281e-008,F:\Fish_GM\10-07\FL11281031052.png, 309,1164,     0.026,     0.022,     1.164,     1.406
       3.1919897,    -88.5018,     28.6460,     -7.08,     2.827e-008,F:\Fish_GM\10-07\FL11281031052.png, 309,1198,     0.035,     0.026,     1.346,     1.510
       3.1926378,    -88.5017,     28.6475,     -9.71,     1.843e-008,F:\Fish_GM\10-07\FL11281031052.png, 309,1268,     0.034,     0.027,     1.251,     1.417
       3.1927489,    -88.5017,     28.6483,     -6.72,     2.740e-008,F:\Fish_GM\10-07\FL11281031052.png, 309,1280,     0.043,     0.028,     1.497,     1.450
       3.1939617,    -88.5015,     28.6514,     -9.23,     2.791e-008,F:\Fish_GM\10-07\FL11281031052.png, 309,1411,     0.045,     0.032,     1.406,     1.829
       3.1966931,    -88.5009,     28.6592,    -11.26,     1.673e-008,F:\Fish_GM\10-07\FL11281031052.png, 309,1706,     0.035,     0.030,     1.177,     1.443
       3.1970542,    -88.5008,     28.6600,     -9.95,     1.980e-008,F:\Fish_GM\10-07\FL11281031052.png, 309,1745,     0.037,     0.029,     1.297,     1.368
       3.1970447,    -88.5008,     28.6600,     -7.67,     2.680e-008,F:\Fish_GM\10-07\FL11281031052.png, 309,1744,     0.034,     0.027,     1.247,     1.406
       3.1971003,    -88.5008,     28.6600,     -8.87,     1.901e-008,F:\Fish_GM\10-07\FL11281031052.png, 309,1750,     0.033,     0.028,     1.162,     1.252
       3.1975633,    -88.5008,     28.6607,     -3.37,     4.455e-008,F:\Fish_GM\10-07\FL11281031052.png, 309,1800,     0.031,     0.023,     1.385,     1.472
       3.2189044,    -88.4962,     28.7210,     -2.77,     5.007e-008,F:\Fish_GM\10-07\FL11281031305.png, 311, 105,     0.028,     0.020,     1.388,     1.428
       3.2188581,    -88.4962,     28.7210,     -6.24,     3.161e-008,F:\Fish_GM\10-07\FL11281031305.png, 311, 100,     0.035,     0.028,     1.258,     1.436
       3.2188394,    -88.4962,     28.7210,     -8.87,     2.015e-008,F:\Fish_GM\10-07\FL11281031305.png, 311,  98,     0.033,     0.028,     1.181,     1.279
       3.2188858,    -88.4962,     28.7210,     -8.63,     2.194e-008,F:\Fish_GM\10-07\FL11281031305.png, 311, 103,     0.034,     0.029,     1.166,     1.291
       3.2190989,    -88.4961,     28.7218,     -9.35,     1.889e-008,F:\Fish_GM\10-07\FL11281031305.png, 311, 126,     0.032,     0.028,     1.153,     1.318
       3.2190989,    -88.4961,     28.7218,     -2.65,     4.590e-008,F:\Fish_GM\10-07\FL11281031305.png, 311, 126,     0.024,     0.019,     1.252,     1.276
       3.2357178,    -88.4938,     28.7689,     -8.39,     2.058e-008,F:\Fish_GM\10-07\FL11281031305.png, 311,1921,     0.029,     0.026,     1.137,     1.457
       3.2370881,    -88.4935,     28.7729,     -8.39,     2.034e-008,F:\Fish_GM\10-07\FL11281031412.png, 312,  69,     0.033,     0.026,     1.247,     1.404
       3.2372919,    -88.4935,     28.7729,     -6.24,     3.109e-008,F:\Fish_GM\10-07\FL11281031412.png, 312,  91,     0.036,     0.026,     1.369,     1.405
       3.2374956,    -88.4935,     28.7736,     -5.52,     3.256e-008,F:\Fish_GM\10-07\FL11281031412.png, 312, 113,     0.033,     0.025,     1.312,     1.377
       3.2718078,    -88.4866,     28.8709,     -8.15,     3.134e-008,F:\Fish_GM\10-07\FL11281031518.png, 313,1819,     0.040,     0.035,     1.136,     1.374
       3.2719375,    -88.4865,     28.8717,     -7.91,     3.181e-008,F:\Fish_GM\10-07\FL11281031518.png, 313,1833,     0.043,     0.037,     1.166,     1.427
       3.2719653,    -88.4865,     28.8717,     -5.88,     4.295e-008,F:\Fish_GM\10-07\FL11281031518.png, 313,1836,     0.043,     0.036,     1.181,     1.253
       3.2720114,    -88.4865,     28.8717,     -8.99,     2.576e-008,F:\Fish_GM\10-07\FL11281031518.png, 313,1841,     0.045,     0.035,     1.298,     1.297
       3.2724744,    -88.4864,     28.8732,     -8.63,     2.793e-008,F:\Fish_GM\10-07\FL11281031518.png, 313,1891,     0.042,     0.034,     1.230,     1.417
       3.2713725,    -88.4867,     28.8701,     -6.36,     4.201e-008,F:\Fish_GM\10-07\FL11281031518.png, 313,1772,     0.045,     0.035,     1.279,     1.347
       3.2708542,    -88.4869,     28.8677,     -5.88,     4.208e-008,F:\Fish_GM\10-07\FL11281031518.png, 313,1716,     0.045,     0.035,     1.291,     1.359
       3.2709003,    -88.4869,     28.8677,     -6.48,     4.204e-008,F:\Fish_GM\10-07\FL11281031518.png, 313,1721,     0.044,     0.034,     1.281,     1.519
       3.3829014,    -88.4972,     29.1890,     -6.36,     1.081e-007,F:\Fish_GM\10-07\FL11281032158.png, 319,1818,     0.127,     0.044,     2.914,     3.233
